Model,MSE,RMSE,CosSim,Top3_Acc,Top5_Acc
Mean-prediction baseline,0.004123691236265792,0.1698994957433969,0.9873927822476829,0.29225736095965105,0.36314067611777534
Ridge Regression,0.00031644105701041656,0.04706471501106658,0.9990410019345457,0.9389312977099237,0.9694656488549618
Neural Network (ANN),0.0038361271801317324,0.1638685151605461,0.9882866264402497,0.29225736095965105,0.36314067611777534
K-Means (K=14),0.007678687822121669,0.2318422195262366,0.9766471025052674,0.19193020719738277,0.3478735005452563
