Model,MSE,RMSE,CosSim
Mean-prediction baseline,0.004123691236265792,0.1698994957433969,0.9873927822476829
Ridge (Closed-Form),0.0003110956804632061,0.046665509353723364,0.9990566631304415
Neural Network (ANN),0.0003672440675350738,0.05070215451778668,0.9988974234713053
K-Means (K=15),0.002684988203696209,0.1370945565143761,0.9917671116925824
