Model,MSE,RMSE,CosSim,Top3_Acc,Top5_Acc
Mean-prediction baseline,0.004123691236265792,0.1698994957433969,0.9873927822476829,0.29225736095965105,0.36314067611777534
Ridge Regression,0.00031644105701041667,0.04706471501106659,0.9990410019345457,0.9389312977099237,0.9694656488549618
Neural Network (ANN),0.0015642020356688127,0.10463944882156867,0.9951968200246917,0.7982551799345693,0.8516902944383861
K-Means (K=14),0.003790567430913525,0.16289251675996252,0.9882614904244607,0.5583424209378408,0.5703380588876772
